,tgt_rate,cpi_yoy,pce_yoy,gdp_yoy,unrate,unrate_chg_3m,vix,t10y2y,eq_ret_12m,y
2000-01-01,5.5,2.792956891317555,2.1891369506148672,4.224744861233032,4.0,-0.09999999999999964,23.202,0.221,70.22198659767582,2
2000-02-01,5.75,3.2179720704310855,2.5687379130580945,4.224744861233032,4.1,0.0,23.5955,-0.091,87.14012171642761,2
2000-03-01,6.0,3.762135922330101,2.930879964151667,4.224744861233032,4.0,0.0,22.718260869565217,-0.2717391304347826,100.86604133884114,1
2000-04-01,6.0,3.013863773357439,2.3509901473026895,5.2444568111355006,3.8,-0.20000000000000018,27.164210526315788,-0.4131578947368421,52.23837294104487,2
2000-05-01,6.5,3.1325301204819134,2.368948805080495,5.2444568111355006,4.0,-0.09999999999999964,26.37318181818182,-0.3690909090909091,40.429190465706476,1
2000-06-01,6.5,3.7349397590361377,2.684264750925869,5.2444568111355006,4.0,0.0,21.54,-0.3845454545454546,53.33360739934969,1
2000-07-01,6.5,3.5992801439711952,2.668814307732892,3.9731723525519014,4.0,0.20000000000000018,19.893,-0.28500000000000003,46.56323795037882,1
2000-08-01,6.5,3.3512866546977715,2.475467095414974,3.9731723525519014,4.1,0.09999999999999964,18.088695652173914,-0.4026086956521739,47.953539387837615,1
2000-09-01,6.5,3.45649582836709,2.5480961785462775,3.9731723525519014,3.9,-0.10000000000000009,19.6875,-0.28250000000000003,38.03047066421015,1
2000-10-01,6.5,3.4503271861986873,2.5148561265149194,2.9055943095086967,3.9,-0.10000000000000009,25.2,-0.1738095238095238,18.419073511586625,1
2000-11-01,6.5,3.444180522565321,2.5663277956855968,2.9055943095086967,3.9,-0.19999999999999973,26.38285714285714,-0.15809523809523812,-5.4211639126010125,1
2000-12-01,6.5,3.4360189573459543,2.4847793521432404,2.9055943095086967,3.9,0.0,26.5305,-0.1115,-28.933322216459867,0
2001-01-01,5.5,3.7212049616065945,2.7014432367977514,2.1975051856706784,4.2,0.30000000000000027,24.918571428571425,0.40095238095238095,-33.801712779082614,1
2001-02-01,5.5,3.529411764705892,2.537197196376595,2.1975051856706784,4.2,0.30000000000000027,23.411578947368422,0.4421052631578948,-44.46517538862028,0
2001-03-01,5.0,2.9824561403508643,2.1087000884293827,2.1975051856706784,4.3,0.3999999999999999,28.49681818181818,0.5431818181818181,-58.63693446840732,0
2001-04-01,4.5,3.2182562902282053,2.373236751810892,0.9962983270431103,4.4,0.20000000000000018,28.133999999999997,0.907,-49.94540595847028,0
2001-05-01,4.0,3.5630841121495394,2.5576491395143286,0.9962983270431103,4.3,0.09999999999999964,22.944090909090907,1.1313636363636363,-38.18392925902771,0
2001-06-01,3.75,3.193960511033689,2.3917346855763633,0.9962983270431103,4.5,0.20000000000000018,20.94047619047619,1.2042857142857142,-45.36112990747954,1
2001-07-01,3.75,2.7214823393167498,2.1017325092305805,0.48923629256110157,4.6,0.1999999999999993,22.316190476190474,1.1976190476190476,-49.37436430609738,0
2001-08-01,3.5,2.7214823393167498,2.0964644142072553,0.48923629256110157,4.9,0.6000000000000005,21.86173913043478,1.2139130434782608,-50.641648483058354,0
2001-09-01,3.0,2.5921658986175045,1.3130959435436296,0.48923629256110157,5.0,0.5,35.065333333333335,1.6129411764705883,-59.40706255344027,0
2001-10-01,2.5,2.127659574468077,1.531881699460702,0.16731829373148877,5.3,0.7000000000000002,32.72130434782609,1.8409090909090908,-50.31447401369703,0
2001-11-01,2.0,1.894374282433997,1.321568153430852,0.16731829373148877,5.5,0.5999999999999996,26.63095238095238,1.8690000000000002,-38.795147787565945,0
2001-12-01,1.75,1.603665521191311,1.0620750693969505,0.16731829373148877,5.7,0.7000000000000002,23.72,1.9805,-25.588647785815944,1
2002-01-01,1.75,1.1958997722095743,0.6659371163187933,1.3372586567694578,5.7,0.40000000000000036,22.252857142857142,2.0076190476190474,-25.597683628122304,1
2002-02-01,1.75,1.1363636363636465,0.679565078349853,1.3372586567694578,5.7,0.20000000000000018,22.87578947368421,1.8963157894736842,-26.52917311785401,1
2002-03-01,1.75,1.3628620102214661,0.9433082406235416,1.3372586567694578,5.7,0.0,18.985,1.7265000000000001,-6.222377449258798,1
2002-04-01,1.75,1.643990929705219,1.1877053213986466,1.3253787532159889,5.9,0.20000000000000018,19.900454545454547,1.7881818181818183,-9.055441943688036,1
2002-05-01,1.75,1.2408347433727984,0.9882602639782245,1.3253787532159889,5.8,0.09999999999999964,20.087727272727275,1.9004545454545456,-23.87835905639345,1
2002-06-01,1.75,1.0692177827799743,0.9362006409068035,1.3253787532159889,5.8,0.09999999999999964,25.271,1.9335,-28.71923186446227,1
2002-07-01,1.75,1.465614430665152,1.1921635118487872,2.1465169830615416,5.8,-0.10000000000000053,34.04954545454546,2.096363636363636,-33.820076894909114,1
2002-08-01,1.75,1.747463359639223,1.402946319749887,2.1465169830615416,5.7,-0.09999999999999964,33.74272727272727,2.1236363636363635,-31.214604259509116,1
2002-09-01,1.75,1.516002245929271,1.9328166748640685,2.1465169830615416,5.7,-0.09999999999999964,37.6475,1.8655000000000002,-20.481723245895612,1
2002-10-01,1.75,2.0270270270270174,1.7604514385630265,1.9925248221954739,5.7,-0.09999999999999964,35.24304347826087,2.0290909090909093,-25.02471924268691,0
2002-11-01,1.25,2.2535211267605604,1.9299850214074654,1.9925248221954739,5.9,0.20000000000000018,28.175,2.125263157894737,-24.64681850439927,1
2002-12-01,1.25,2.4802705749718212,2.13367302257077,1.9925248221954739,6.0,0.2999999999999998,28.21047619047619,2.1961904761904765,-29.86072002136284,1
2003-01-01,1.25,2.757456387169399,2.3465153584070197,1.6792570124718242,5.8,0.09999999999999964,27.424285714285713,2.305238095238095,-29.66529791044259,1
2003-02-01,1.25,3.146067415730336,2.6046216151830226,1.6792570124718242,5.9,0.0,32.21842105263158,2.274736842105263,-27.096833248232343,1
2003-03-01,1.25,3.025210084033625,2.589654580732015,1.6792570124718242,5.9,-0.09999999999999964,30.634285714285717,2.2333333333333334,-27.5648649585035,1
2003-04-01,1.25,2.175125488008911,1.9886961093585676,1.9550651524723905,6.0,0.20000000000000018,23.99190476190476,2.336190476190476,-19.762306267430496,1
2003-05-01,1.25,1.8941504178273005,1.8048075660055396,1.9550651524723905,6.1,0.1999999999999993,20.23952380952381,2.1538095238095236,-8.124895608400884,0
2003-06-01,1.0,1.948775055679297,1.788127254837657,1.9550651524723905,6.3,0.39999999999999947,20.362380952380953,2.107142857142857,8.284114582406655,1
2003-07-01,1.0,2.055555555555544,1.8627361145654664,3.2311353875128956,6.2,0.20000000000000018,19.161363636363635,2.5013636363636365,27.47971559282336,1
2003-08-01,1.0,2.216066481994461,2.0067151797029004,3.2311353875128956,6.1,0.0,19.274285714285714,2.580952380952381,30.07938989290222,1
2003-09-01,1.0,2.378318584070782,2.141338793182146,3.2311353875128956,6.1,-0.20000000000000018,19.532380952380954,2.568095238095238,48.35449866131629,1
2003-10-01,1.0,2.041942604856528,1.9682118170812668,4.300440651057458,6.0,-0.20000000000000018,18.023478260869567,2.5427272727272725,53.46266642907129,1
2003-11-01,1.0,1.9283746556473913,1.996176703902619,4.300440651057458,5.8,-0.2999999999999998,17.40105263157895,2.373333333333333,37.51997119132366,1
2003-12-01,1.0,2.0352035203520247,2.122877447350291,4.300440651057458,5.7,-0.39999999999999947,16.826363636363638,2.3604545454545454,40.85502641136849,1
2004-01-01,1.0,2.026286966046009,2.212406575044379,4.341952085996703,5.7,-0.2999999999999998,16.101,2.3895,50.76538559544945,1
2004-02-01,1.0,1.688453159041381,2.000619147124838,4.341952085996703,5.6,-0.20000000000000018,15.99842105263158,2.3442105263157895,56.11711505359824,1
2004-03-01,1.0,1.7400761283306032,1.8964297201672586,4.341952085996703,5.8,0.09999999999999964,17.687391304347827,2.248695652173913,46.69248213128685,1
2004-04-01,1.0,2.2925764192139875,2.2592244145734686,4.227491217016888,5.6,-0.10000000000000053,15.69857142857143,2.276666666666667,43.059124359260295,1
2004-05-01,1.0,2.8977583378895444,2.709537572254317,4.227491217016888,5.6,0.0,17.705000000000002,2.182,26.53742188685275,2
2004-06-01,1.25,3.1676679410158393,2.890910965613247,4.227491217016888,5.6,-0.20000000000000018,15.342727272727274,1.9704761904761903,22.81193003036721,1
2004-07-01,1.25,2.939575394665228,2.684537884239746,3.494860356231766,5.5,-0.09999999999999964,15.502380952380953,1.8595238095238094,11.464868006098339,2
2004-08-01,1.5,2.5474254742547275,2.391167919671111,3.494860356231766,5.4,-0.1999999999999993,16.68409090909091,1.7731818181818182,5.517650166878618,2
2004-09-01,1.75,2.5391680172879516,2.2739169847937557,3.494860356231766,5.4,-0.1999999999999993,14.08095238095238,1.6004761904761904,1.547040308535741,1
2004-10-01,1.75,3.1909140075716547,2.700011489410592,3.3511049439547858,5.5,0.0,14.973809523809523,1.5125,1.6990401555668333,2
2004-11-01,2.0,3.621621621621607,2.9656262749897966,3.3511049439547858,5.4,0.0,13.577619047619047,1.342,6.4506702032052,2
2004-12-01,2.25,3.3423180592991875,2.7937154125055708,3.3511049439547858,5.4,0.0,12.459545454545456,1.219090909090909,10.013862907730363,1
2005-01-01,2.25,2.8448738593666034,2.53203056685547,3.9088432572524257,5.3,-0.20000000000000018,13.437999999999999,0.999,-1.1593270211952778,2
2005-02-01,2.5,3.0530262453133394,2.598732880610055,3.9088432572524257,5.4,0.0,11.708947368421052,0.7805263157894737,0.8493664439614745,2
2005-03-01,2.75,3.2068412613575736,2.747509438250484,3.9088432572524257,5.2,-0.20000000000000018,13.126363636363635,0.770909090909091,2.5671307440945146,1
2005-04-01,2.75,3.3617929562433257,2.844503818718014,3.6177355801611855,5.2,-0.09999999999999964,14.459047619047618,0.6871428571428572,-3.040767723207538,2
2005-05-01,3.0,2.869287991498415,2.5689663835988252,3.6177355801611855,5.1,-0.3000000000000007,13.967619047619047,0.5004761904761905,3.8855539780953574,2
2005-06-01,3.25,2.541026998411855,2.3411957760769653,3.6177355801611855,5.0,-0.20000000000000018,11.868636363636364,0.3577272727272727,3.595741045513634,1
2005-07-01,3.25,3.067160232681121,2.679431825292533,3.448598847170792,5.0,-0.20000000000000018,11.049,0.3065,12.151145899074244,2
2005-08-01,3.5,3.6469344608879517,3.0408025417156592,3.448598847170792,4.9,-0.1999999999999993,12.951304347826087,0.21826086956521742,18.44580616137057,2
2005-09-01,3.75,4.741833508956805,3.8300209727354373,3.448598847170792,5.0,0.0,12.628095238095238,0.2528571428571429,13.791740842570889,1
2005-10-01,3.75,4.350104821802936,3.551362370723954,2.9727366937913002,5.0,0.0,14.937619047619048,0.1925,7.684413794458922,2
2005-11-01,4.0,3.3385498174230532,2.938408578716656,2.9727366937913002,5.0,0.09999999999999964,12.147619047619047,0.11850000000000001,6.786038037159048,2
2005-12-01,4.25,3.3385498174230532,2.8836276778752667,2.9727366937913002,4.9,-0.09999999999999964,11.26,0.06285714285714286,4.491945586568957,2
2006-01-01,4.5,4.018789144050117,3.246937842213904,3.2131067957182013,4.7,-0.2999999999999998,12.036,0.020499999999999997,10.5276799260958,1
2006-02-01,4.5,3.63825363825363,3.0222353695212645,3.2131067957182013,4.8,-0.20000000000000018,12.471052631578948,-0.09947368421052633,10.06568833126369,2
2006-03-01,4.75,3.4179181771103018,2.9136712749615823,3.2131067957182013,4.7,-0.20000000000000018,11.69391304347826,-0.009999999999999998,13.288886224989316,1
2006-04-01,4.75,3.613835828600931,3.102827101944805,2.9729038556202125,4.7,0.0,11.84736842105263,0.10157894736842105,19.473098452812245,2
2006-05-01,5.0,3.9772727272727293,3.321534862643749,2.9729038556202125,4.6,-0.20000000000000018,14.454545454545455,0.14181818181818182,11.972003938816211,2
2006-06-01,5.25,4.1817243159525175,3.511627906976744,2.9729038556202125,4.6,-0.10000000000000053,16.918636363636363,-0.015454545454545453,3.0538483319175747,1
2006-07-01,5.25,4.104669061056954,3.4273456353752785,2.325277937424497,4.7,0.0,15.325999999999999,-0.031,-2.7472112529770887,1
2006-08-01,5.25,3.926568077511483,3.335882588586636,2.325277937424497,4.7,0.10000000000000053,13.351739130434783,-0.026956521739130435,-1.8620899749238973,1
2006-09-01,5.25,2.012072434607637,2.0800269321406217,2.325277937424497,4.5,-0.09999999999999964,12.1845,-0.05,3.6029536822444586,1
2006-10-01,5.25,1.4063284781516971,1.67697016985775,2.6345603763438197,4.4,-0.2999999999999998,11.306363636363637,-0.06666666666666668,11.641401403125418,1
2006-11-01,5.25,1.9687026754164672,1.9246731063020883,2.6345603763438197,4.5,-0.20000000000000018,10.817619047619049,-0.14523809523809525,9.344357976653693,1
2006-12-01,5.25,2.5239777889954462,2.2867522344251823,2.6345603763438197,4.4,-0.09999999999999964,10.9645,-0.10900000000000001,8.273092062959009,1
2007-01-01,5.25,2.075765178123423,2.133263102449301,1.5767249700146868,4.6,0.1999999999999993,11.0425,-0.11666666666666667,7.126467499988531,1
2007-02-01,5.25,2.420260782347028,2.389213246554367,1.5767249700146868,4.5,0.0,11.155263157894737,-0.12631578947368421,9.068960264965021,1
2007-03-01,5.25,2.798197295943927,2.564898622023759,1.5767249700146868,4.4,0.0,15.162727272727272,-0.009090909090909092,4.401043719697895,1
2007-04-01,5.25,2.5929247633283525,2.3307779164438047,1.9343747200181172,4.5,-0.09999999999999964,12.933000000000002,0.027619047619047623,6.879556528465147,1
2007-05-01,5.25,2.709885742672613,2.352983013477794,1.9343747200181172,4.4,-0.09999999999999964,13.297727272727274,-0.02,14.11221915855878,1
2007-06-01,5.25,2.692765113974227,2.3176341212501006,1.9343747200181172,4.6,0.1999999999999993,14.947619047619046,0.12238095238095237,21.42695013828564,1
2007-07-01,5.25,2.3178905864958077,2.1247260128685497,2.3680360773066234,4.7,0.20000000000000018,17.273333333333333,0.18523809523809526,27.26807810230718,1
2007-08-01,5.25,1.897448478900876,1.873715124816444,2.3680360773066234,4.6,0.1999999999999993,25.02608695652174,0.3617391304347826,19.913760839176042,0
2007-09-01,4.75,2.8338264299802685,2.534687050952855,2.3680360773066234,4.7,0.10000000000000053,22.198947368421056,0.51,18.56626126999885,0
2007-10-01,4.5,3.610698365527476,3.08847488843238,2.133364682457861,4.7,0.0,19.115652173913045,0.56,19.322205179764307,1
2007-11-01,4.5,4.373267326732666,3.5996270550330056,2.133364682457861,4.7,0.10000000000000053,25.58238095238095,0.8119999999999999,10.549357784380842,0
2007-12-01,4.25,4.108813392417532,3.471634208298058,2.133364682457861,5.0,0.2999999999999998,21.651,0.9804999999999999,9.442811981374266,0
2008-01-01,3.0,4.294695655165981,3.3874068170097082,1.3924712055185307,5.0,0.2999999999999998,25.816190476190474,1.2685714285714287,-1.4305142851397057,1
2008-02-01,3.0,4.142959270611968,3.2729227281756534,1.3924712055185307,4.9,0.20000000000000018,25.456,1.7645,-6.211578435321796,0
2008-03-01,2.25,3.9749035501344343,3.1911425710759778,1.3924712055185307,5.1,0.09999999999999964,27.103500000000004,1.893,-6.1075771111885,0
2008-04-01,2.0,3.9037609759888126,3.13951867682587,1.3760107660276244,5.0,0.0,21.562727272727273,1.627727272727273,-5.259647048828231,1
2008-05-01,2.0,4.088413823123993,3.282143932550441,1.3760107660276244,5.4,0.5,18.303333333333335,1.4342857142857142,-3.0794542341526343,1
2008-06-01,2.0,4.935966105947864,3.8114389395462744,1.3760107660276244,5.6,0.5,22.11047619047619,1.3257142857142856,-6.470761781117195,1
2008-07-01,2.0,5.497512078341837,4.135655023597695,0.26596727212868654,5.8,0.7999999999999998,24.321818181818184,1.4345454545454546,-14.196915293843714,1
2008-08-01,2.0,5.308017162091239,3.9806273062730657,0.26596727212868654,6.1,0.6999999999999993,20.695714285714285,1.4652380952380952,-5.91579562739053,1
2008-09-01,2.0,4.953319875136075,3.6678383532060543,0.26596727212868654,6.1,0.5,30.23857142857143,1.61,-16.276970501159806,0
2008-10-01,1.0,3.7310578899565128,2.6718431480336147,-2.5411536884212604,6.5,0.7000000000000002,61.17739130434782,2.2018181818181817,-37.76759370979252,1
2008-11-01,1.0,1.0999174706166848,0.9250293343662008,-2.5411536884212604,6.8,0.7000000000000002,62.66894736842105,2.3138888888888887,-42.0649538054746,0
2008-12-01,0.25,-0.02222800255385904,0.12956901254774777,-2.5411536884212604,7.3,1.2000000000000002,52.405,1.5954545454545455,-42.669071987775,1
2009-01-01,0.25,-0.11358601902212717,-0.11110355304627673,-3.234227293078318,7.8,1.2999999999999998,44.683,1.7105000000000001,-36.42924464114493,1
2009-02-01,0.25,0.008463140671510772,-0.13124844425335125,-3.234227293078318,8.3,1.5000000000000009,45.57052631578947,1.894736842105263,-36.10970203459962,1
2009-03-01,0.25,-0.4464787676623838,-0.5257516782309568,-3.234227293078318,8.7,1.3999999999999995,44.79545454545455,1.8881818181818182,-36.481206828303584,1
2009-04-01,0.25,-0.5763244243767063,-0.5675739591662121,-3.9788374053187248,9.0,1.2000000000000002,38.063809523809525,2.0,-30.697692915919696,1
2009-05-01,0.25,-1.015761495855172,-0.8892128279883504,-3.9788374053187248,9.4,1.0999999999999996,31.977999999999998,2.3635,-30.49093772615894,1
2009-06-01,0.25,-1.2291746182109153,-1.018624689681269,-3.9788374053187248,9.5,0.8000000000000007,29.140454545454546,2.5377272727272726,-24.736453634982247,1
2009-07-01,0.25,-1.9587610037622771,-1.4660091971854472,-3.1328157006863644,9.5,0.5,26.162727272727274,2.5431818181818184,-17.746935195460722,1
2009-08-01,0.25,-1.4838355663267633,-1.1001197711041022,-3.1328157006863644,9.6,0.1999999999999993,25.337142857142858,2.4719047619047623,-16.41138815030152,1
2009-09-01,0.25,-1.377942862886472,-1.0227486786264395,-3.1328157006863644,9.8,0.3000000000000007,24.92666666666667,2.4457142857142857,-5.481853812338033,1
2009-10-01,0.25,-0.22396829420033848,0.013385238313023962,0.10557252348297741,10.0,0.5,24.252272727272725,2.4385714285714286,22.685403790590453,1
2009-11-01,0.25,1.9145871744709275,1.4606120122357291,0.10557252348297741,9.9,0.3000000000000007,23.788999999999998,2.599473684210526,38.947193259100096,1
2009-12-01,0.25,2.8141231232083674,2.089718268292118,0.10557252348297741,9.9,0.09999999999999964,21.239545454545453,2.7154545454545453,45.52814020069953,1
2010-01-01,0.25,2.6211113889767157,2.301720615608116,1.7452658449103264,9.8,-0.1999999999999993,20.643157894736845,2.8042105263157895,47.526281499524984,1
2010-02-01,0.25,2.151336357866529,2.1163301837627158,1.7452658449103264,9.8,-0.09999999999999964,22.54,2.8342105263157897,47.67659480419757,1
2010-03-01,0.25,2.2861714393279886,2.3727160339801934,1.7452658449103264,9.9,0.0,17.767391304347825,2.7686956521739132,64.9343097919762,1
2010-04-01,0.25,2.2067707525304403,2.282122430488709,2.91359502911801,9.9,0.09999999999999964,17.424285714285716,2.786363636363636,50.85297454452606,1
2010-05-01,0.25,2.003548929218568,2.20846957131704,2.91359502911801,9.6,-0.20000000000000107,31.9295,2.5895,34.36470842126149,1
2010-06-01,0.25,1.1215605940686268,1.5622188231059875,2.91359502911801,9.4,-0.5,29.916363636363634,2.4795454545454545,22.34504676598894,1
2010-07-01,0.25,1.3407784804821077,1.6373900721981194,3.344209253779229,9.4,-0.5,25.565238095238094,2.394761904761905,17.95438726387195,1
2010-08-01,0.25,1.1501775395112546,1.4823951558645243,3.344209253779229,9.5,-0.09999999999999964,24.74590909090909,2.178181818181818,10.421129092579884,1
2010-09-01,0.25,1.1183122472331775,1.419551296404098,3.344209253779229,9.5,0.09999999999999964,22.517619047619046,2.1676190476190476,10.245801192287995,1
2010-10-01,0.25,1.1666951489314625,1.3584198610352205,2.7759609093124693,9.4,0.0,20.37333333333333,2.164,15.00088263499537,1
2010-11-01,0.25,1.084544776600338,1.3071968137772894,2.7759609093124693,9.8,0.3000000000000007,20.095714285714287,2.309,18.075630941426056,1
2010-12-01,0.25,1.437793022217937,1.477668197333748,2.7759609093124693,9.3,-0.1999999999999993,17.56954545454545,2.6727272727272724,18.506730367713907,1
2011-01-01,0.25,1.7007834915029774,1.5598650927487467,2.037797199613345,9.1,-0.3000000000000007,17.3155,2.7794999999999996,19.818271888138874,1
2011-02-01,0.25,2.124898173333145,1.8450307320212023,2.037797199613345,9.0,-0.8000000000000007,17.43,2.803684210526316,26.84492578852393,1
2011-03-01,0.25,2.619241510354109,2.1105460830258993,2.037797199613345,9.0,-0.3000000000000007,20.723478260869566,2.7169565217391307,15.241661345945756,1
2011-04-01,0.25,3.0772344447868694,2.488096556306063,1.7437088645501975,9.1,0.0,16.244,2.7205000000000004,12.980122954130513,1
2011-05-01,0.25,3.4589718808964998,2.7662471357885243,1.7437088645501975,9.0,0.0,16.91142857142857,2.6133333333333333,21.379284941556875,1
2011-06-01,0.25,3.5023181506360412,2.7884519551278464,1.7437088645501975,9.1,0.09999999999999964,19.153181818181817,2.591818181818182,20.245490345205532,1
2011-07-01,0.25,3.5798809769996165,2.875699838456258,0.9426534645672335,9.0,-0.09999999999999964,19.2275,2.5965,27.159607460829548,1
2011-08-01,0.25,3.75499603070808,2.9767297960266115,0.9426534645672335,9.0,0.0,35.02913043478261,2.072608695652174,13.57385432887812,1
2011-09-01,0.25,3.812621692818685,3.0190303779583205,0.9426534645672335,9.0,-0.09999999999999964,36.53,1.7638095238095237,9.824020460260584,1
2011-10-01,0.25,3.5222681306640524,2.693632332390705,1.543075871606514,8.8,-0.1999999999999993,32.829047619047614,1.8715,6.287079012101482,1
2011-11-01,0.25,3.451432214581729,2.6992598449408156,1.543075871606514,8.6,-0.40000000000000036,31.94190476190476,1.7600000000000002,2.975102152781206,1
2011-12-01,0.25,3.062066838419386,2.5266248849541872,1.543075871606514,8.5,-0.5,25.047619047619047,1.720952380952381,-1.135845254621659,1
2012-01-01,0.25,3.0087663379855023,2.569312446745764,2.6380693108862374,8.3,-0.5,20.228,1.7260000000000002,0.9784490222226383,1
2012-02-01,0.25,2.8981784423473878,2.5131540246413397,2.6380693108862374,8.3,-0.29999999999999893,18.4205,1.6895,5.225178389167273,1
2012-03-01,0.25,2.5828752813320977,2.2980274721697835,2.6380693108862374,8.2,-0.3000000000000007,16.167272727272728,1.8281818181818181,11.520700543885143,1
2012-04-01,0.25,2.2731633741348567,1.9998487418563693,2.403335839137921,8.2,-0.10000000000000142,17.823,1.7609523809523808,8.509971947445738,1
2012-05-01,0.25,1.7379429374660749,1.5769404769598871,2.403335839137921,8.2,-0.10000000000000142,21.001818181818184,1.518181818181818,3.0312995203054083,1
2012-06-01,0.25,1.653870448297634,1.5460196726963193,2.403335839137921,8.2,0.0,21.13095238095238,1.3304761904761906,6.0493447945465295,1
2012-07-01,0.25,1.4175114798464783,1.4100261354958565,2.5737123144880414,8.2,0.0,17.565238095238094,1.2785714285714287,3.897463941696877,1
2012-08-01,0.25,1.6859349154821235,1.51186746212284,2.5737123144880414,8.1,-0.09999999999999964,15.689565217391305,1.4095652173913045,21.082752537785332,1
2012-09-01,0.25,1.9497168982819613,1.6779710051753494,2.5737123144880414,7.8,-0.39999999999999947,15.284736842105264,1.4678947368421054,24.272321097982207,1
2012-10-01,0.25,2.1556780595369363,1.9768774978838444,1.551852007332477,7.8,-0.39999999999999947,16.276190476190475,1.469047619047619,17.939079933683754,1
2012-11-01,0.25,1.7960197033926262,1.6991017964071764,1.551852007332477,7.7,-0.39999999999999947,16.701904761904764,1.386,12.843018727411536,1
2012-12-01,0.25,1.7595049796895523,1.6243828413875505,1.551852007332477,7.9,0.10000000000000053,17.307,1.462,15.456303066876265,1
2013-01-01,0.25,1.684061762098299,1.4708075063369241,1.700868485709428,8.0,0.20000000000000018,13.505238095238095,1.6495238095238096,13.926635675527276,1
2013-02-01,0.25,2.0181404902574807,1.6046076681118793,1.700868485709428,7.7,0.0,14.072631578947368,1.7168421052631577,8.201920698848507,1
2013-03-01,0.25,1.5187472411246183,1.276992915022701,1.700868485709428,7.5,-0.40000000000000036,13.0315,1.7015,6.5960684322463825,1
2013-04-01,0.25,1.138808047576867,1.0412253198881505,1.5199382041070075,7.6,-0.40000000000000036,13.967272727272727,1.526818181818182,7.1249781327517026,1
2013-05-01,0.25,1.3903888279197085,1.2290301372187118,1.5199382041070075,7.5,-0.20000000000000018,13.493636363636364,1.6777272727272725,18.616903571596467,1
2013-06-01,0.25,1.7157935271568725,1.5055063976064709,1.5199382041070075,7.5,0.0,17.2715,1.9665,19.870745412642886,1
2013-07-01,0.25,1.885471805415806,1.5951128457492025,2.237022493295515,7.3,-0.2999999999999998,13.974545454545455,2.2413636363636367,21.90303729043621,1
2013-08-01,0.25,1.538809488600279,1.4047883304264985,2.237022493295515,7.2,-0.2999999999999998,14.21,2.380909090909091,20.024031995323433,1
2013-09-01,0.25,1.0947341081747997,1.1412854478201728,2.237022493295515,7.2,-0.2999999999999998,14.692000000000002,2.4055,18.951124384954497,1
2013-10-01,0.25,0.8767991434911471,0.9761069199571093,3.0091449601746367,7.2,-0.09999999999999964,15.407826086956522,2.2804545454545457,25.747478277106552,1
2013-11-01,0.25,1.2328701961954458,1.1954704602088029,3.0091449601746367,6.9,-0.2999999999999998,12.924000000000001,2.4147368421052633,34.5634816419079,1
2013-12-01,0.25,1.5128383667573297,1.3881001955959427,3.0091449601746367,6.7,-0.5,14.192380952380953,2.5619047619047617,35.69131157898955,1
2014-01-01,0.25,1.557758795574915,1.4054054054054133,1.6508175559380112,6.6,-0.6000000000000005,14.24095238095238,2.4642857142857144,32.90070802925711,1
2014-02-01,0.25,1.1204746347724948,1.0939820528374389,1.6508175559380112,6.7,-0.20000000000000018,15.47,2.382631578947368,32.507687031730434,1
2014-03-01,0.25,1.6126949139408042,1.38970341823057,1.6508175559380112,6.7,0.0,14.836666666666666,2.3242857142857143,32.14271845733081,1
2014-04-01,0.25,2.015125303606169,1.6731138157687786,2.6891521587272926,6.2,-0.39999999999999947,14.19809523809524,2.288095238095238,26.695184674900485,1
2014-05-01,0.25,2.166947687079812,1.7661662878033946,2.6891521587272926,6.3,-0.40000000000000036,12.475238095238096,2.17,20.201249554044832,1
2014-06-01,0.25,2.0589816945944195,1.6514586142380772,2.6891521587272926,6.1,-0.6000000000000005,11.541428571428572,2.146190476190476,26.809083198965176,1
2014-07-01,0.25,1.9742378703305974,1.6692416903290486,3.059782928201682,6.2,0.0,12.296363636363635,2.0359090909090907,24.564213845761728,1
2014-08-01,0.25,1.7150983482969062,1.5062438759980923,3.059782928201682,6.1,-0.20000000000000018,13.491904761904761,1.9476190476190476,22.662595848071643,1
2014-09-01,0.25,1.6840509711232077,1.4972493123280861,3.059782928201682,5.9,-0.1999999999999993,13.466666666666667,1.9676190476190476,21.98516722964483,1
2014-10-01,0.25,1.6095417021513292,1.3329448612426242,2.6858351011456394,5.7,-0.5,18.058695652173913,1.8586363636363636,14.423042267620168,1
2014-11-01,0.25,1.231524989320798,1.0857594081832067,2.6858351011456394,5.8,-0.2999999999999998,13.413157894736841,1.7983333333333331,18.450122778856738,1
2014-12-01,0.25,0.6531213919623191,0.7322588005891362,2.6858351011456394,5.6,-0.3000000000000007,16.292272727272728,1.5718181818181818,16.114700000121076,1
2015-01-01,0.25,-0.22993097820542818,0.04140186722421113,3.9692994988184793,5.7,0.0,19.1195,1.33,12.501093515271045,1
2015-02-01,0.25,-0.08703146293520536,0.1707014276846719,3.9692994988184793,5.5,-0.2999999999999998,15.90421052631579,1.3563157894736841,15.592626956129752,1
2015-03-01,0.25,-0.022031284423873476,0.19934927438929329,3.9692994988184793,5.4,-0.1999999999999993,14.812727272727273,1.4022727272727273,15.47230715565837,1
2015-04-01,0.25,-0.10403098939391064,0.11032406404982709,3.2790878609270546,5.4,-0.2999999999999998,13.494761904761905,1.395,21.03862150618754,1
2015-05-01,0.25,0.03503321824429584,0.18528621573490334,3.2790878609270546,5.6,0.09999999999999964,13.3385,1.5885,21.619741104795498,1
2015-06-01,0.25,0.1795718097550525,0.27042867572208973,3.2790878609270546,5.3,-0.10000000000000053,14.339545454545457,1.675,17.086266215899503,1
2015-07-01,0.25,0.22568611104094582,0.2197328295222345,2.4473213664345517,5.2,-0.20000000000000018,14.352727272727272,1.656818181818182,14.62935659041953,1
2015-08-01,0.25,0.2413037985344868,0.23927130079379744,2.4473213664345517,5.1,-0.5,19.42809523809524,1.4695238095238095,10.52205357319027,1
2015-09-01,0.25,0.008842961634170088,0.06569964994405098,2.4473213664345517,5.0,-0.2999999999999998,24.377142857142857,1.4595238095238094,4.315376816308203,1
2015-10-01,0.25,0.12761656067050708,0.09549823379610967,2.119861312664817,5.0,-0.20000000000000018,16.789545454545454,1.4252380952380952,10.805858839575011,1
2015-11-01,0.25,0.4363182169185187,0.2538775426298434,2.119861312664817,5.1,0.0,16.21,1.378421052631579,8.422151959988454,2
2015-12-01,0.5,0.6387247515364791,0.34596375617792496,2.119861312664817,5.0,0.0,18.025454545454547,1.26,6.504501609353808,1
2016-01-01,0.5,1.2375025026943876,0.8711486332691809,1.7950168913805964,4.8,-0.20000000000000018,23.717894736842105,1.1857894736842105,-1.3476960279488082,1
2016-02-01,0.5,0.8472775790126619,0.640330493157748,1.7950168913805964,4.9,-0.1999999999999993,22.517,1.046,-8.055813422969283,1
2016-03-01,0.5,0.8916160965521946,0.6855104733630268,1.7950168913805964,5.0,0.0,15.84909090909091,1.014090909090909,-3.7167066640659385,1
2016-04-01,0.5,1.1726257503534843,0.9259068531526138,1.493250832714721,5.1,0.2999999999999998,14.300476190476191,1.0371428571428571,-1.8809229513247705,1
2016-05-01,0.5,1.0784764621246223,0.8486853596638255,1.493250832714721,4.8,-0.10000000000000053,14.852857142857141,0.99,-4.795696330783361,1
2016-06-01,0.5,1.0792865347959424,0.8296074490339977,1.493250832714721,4.9,-0.09999999999999964,17.774545454545457,0.9127272727272728,-4.273758293840546,1
2016-07-01,0.5,0.8683633430518256,0.7550842682239489,1.8057615310855146,4.8,-0.2999999999999998,13.1585,0.8314999999999999,-1.1572535664327366,1
2016-08-01,0.5,1.0553158595656864,0.8882104659263312,1.8057615310855146,4.9,0.10000000000000053,12.399565217391304,0.8191304347826087,5.723140590529874,1
2016-09-01,0.5,1.5486446201652182,1.2197749212634612,1.8057615310855146,5.0,0.09999999999999964,14.21952380952381,0.8595238095238096,10.660268389455663,1
2016-10-01,0.5,1.685924966243646,1.4270032930845167,2.1815663030564147,4.9,0.10000000000000053,14.585238095238097,0.9215,7.725955828669084,1
2016-11-01,0.5,1.6843334719788938,1.3974040886628902,2.1815663030564147,4.7,-0.20000000000000018,15.236190476190476,1.1625,3.5033443255172436,2
2016-12-01,0.75,2.0507989115119862,1.6571581021178838,2.1815663030564147,4.7,-0.2999999999999998,12.472380952380954,1.2952380952380953,7.391602222513205,1
2017-01-01,0.75,2.5103933482571117,2.0052104701731244,2.0874616941966906,4.7,-0.20000000000000018,11.6085,1.226,20.619566645514542,1
2017-02-01,0.75,2.8103616813294208,2.1971368464261953,2.0874616941966906,4.6,-0.10000000000000053,11.530526315789475,1.2178947368421054,29.1605654156039,2
2017-03-01,1.0,2.44119623655914,1.9063610209576698,2.0874616941966906,4.4,-0.2999999999999998,11.89782608695652,1.168695652173913,23.35660333973739,1
2017-04-01,1.0,2.176223471915395,1.76747318686028,2.3304137937582903,4.4,-0.2999999999999998,13.136315789473684,1.0563157894736843,20.849644414619874,1
2017-05-01,1.0,1.8563431667619756,1.557772049759043,2.3304137937582903,4.4,-0.1999999999999993,10.862272727272726,1.0018181818181817,27.915147799936868,2
2017-06-01,1.25,1.640565809959127,1.4655479277905004,2.3304137937582903,4.3,-0.10000000000000053,10.513636363636364,0.8445454545454546,28.171091486843846,1
2017-07-01,1.25,1.7251073506566073,1.4856317748266346,2.410821412174591,4.3,-0.10000000000000053,10.2645,0.9455,25.292352351886137,1
2017-08-01,1.25,1.92812155729698,1.5719087318108338,2.410821412174591,4.4,0.0,11.975652173913044,0.8739130434782609,20.976636085708478,1
2017-09-01,1.25,2.1805652303711787,1.757444307056133,2.410821412174591,4.3,0.0,10.437999999999999,0.8175000000000001,22.342791064920586,1
2017-10-01,1.25,2.020757753132485,1.6820407007323013,2.9941434967617697,4.2,-0.09999999999999964,10.125454545454545,0.8104761904761905,25.62833186700635,1
2017-11-01,1.25,2.172493864295566,1.7937129048240186,2.9941434967617697,4.2,-0.20000000000000018,10.54047619047619,0.6566666666666666,29.188453132910652,2
2017-12-01,1.5,2.129930719552253,1.7664099484208329,2.9941434967617697,4.1,-0.20000000000000018,10.2645,0.5585,27.278625683909752,1
2018-01-01,1.5,2.151318868063945,1.7576494957315614,3.328810094759116,4.0,-0.20000000000000018,11.062380952380952,0.5519047619047619,30.892712904134978,1
2018-02-01,1.5,2.263468931091861,1.8376076958608545,3.328810094759116,4.1,-0.10000000000000053,22.464736842105264,0.6836842105263158,24.23491276401373,2
2018-03-01,1.75,2.3309497646499366,1.998292058070028,3.328810094759116,4.0,-0.09999999999999964,19.023809523809526,0.5666666666666667,24.664121087346768,1
2018-04-01,1.75,2.4709963021052994,2.0466282276259795,3.2989628465220244,4.0,0.0,18.267619047619046,0.4847619047619047,19.82306008792143,1
2018-05-01,1.75,2.781921607842497,2.2662065367869744,3.2989628465220244,3.8,-0.2999999999999998,14.124545454545455,0.4659090909090909,19.828134615219064,2
2018-06-01,2.0,2.8075506935940187,2.268307840346395,3.2989628465220244,4.0,0.0,13.678095238095239,0.379047619047619,22.82756099398373,1
2018-07-01,2.0,2.854124785561929,2.3386070559001215,3.130030640718684,3.8,-0.20000000000000018,13.147619047619049,0.28238095238095234,23.228999778603466,1
2018-08-01,2.0,2.6429238568742575,2.180411288951989,3.130030640718684,3.8,0.0,12.54695652173913,0.2534782608695652,25.047322945225247,2
2018-09-01,2.25,2.332055105808828,2.009960159362545,3.130030640718684,3.7,-0.2999999999999998,12.910526315789474,0.23631578947368423,24.19429456951374,1
2018-10-01,2.25,2.492032470218053,2.053098049357893,2.125110751484538,3.8,0.0,19.35217391304348,0.2913636363636364,13.994713904266476,1
2018-11-01,2.25,2.147328577667773,1.9418922274646144,2.125110751484538,3.8,0.0,19.38904761904762,0.258,6.4749234323335125,2
2018-12-01,2.5,2.0023809043401064,1.8646908878110713,2.125110751484538,3.9,0.19999999999999973,24.953157894736844,0.1563157894736842,-1.0950908971481876,1
2019-01-01,2.5,1.4875893578291333,1.4318323303589953,1.9335587266003706,4.0,0.20000000000000018,19.57238095238095,0.17047619047619048,-4.118997999992935,1
2019-02-01,2.5,1.5188615351321877,1.4001735426362627,1.9335587266003706,3.8,0.0,15.234736842105262,0.17210526315789473,3.746345362306669,1
2019-03-01,2.5,1.8831863513063984,1.5218076513927814,1.9335587266003706,3.8,-0.10000000000000009,14.485238095238095,0.16142857142857142,4.347407562848438,1
2019-04-01,2.5,2.000583470209061,1.5663384627478738,2.242125694698238,3.7,-0.2999999999999998,12.949047619047619,0.18761904761904763,12.834671338899017,1
2019-05-01,2.5,1.7959105553606136,1.4655536045359518,2.242125694698238,3.6,-0.19999999999999973,16.721818181818183,0.18863636363636366,6.34245645501319,1
2019-06-01,2.5,1.671194894390049,1.4260651383430245,2.242125694698238,3.6,-0.19999999999999973,15.836000000000002,0.26,2.3586286486071417,1
2019-07-01,2.5,1.826331335037068,1.4539295260287632,2.797216868642849,3.7,0.0,13.305909090909092,0.2240909090909091,5.7850032933267626,0
2019-08-01,2.25,1.7376412106666406,1.4304164057608038,2.797216868642849,3.6,0.0,18.97909090909091,0.055,0.23693804306246236,0
2019-09-01,2.0,1.6844977040391562,1.2839539924622612,2.797216868642849,3.5,-0.10000000000000009,15.559000000000001,0.051500000000000004,1.307630118212444,0
2019-10-01,1.75,1.7339736996186295,1.2885618207514993,3.3517765241980912,3.6,-0.10000000000000009,15.466521739130435,0.15545454545454546,7.3360415053049355,1
2019-11-01,1.75,2.092290394862917,1.3582773068303577,3.3517765241980912,3.6,0.0,12.5235,0.19947368421052633,17.709807222022512,1
2019-12-01,1.75,2.3195274699624457,1.5637627676458932,3.3517765241980912,3.6,0.10000000000000009,13.756666666666666,0.24952380952380954,28.826178434934135,1
2020-01-01,1.75,2.599767976845202,1.7944821136310463,1.3585350290757248,3.6,0.0,13.94095238095238,0.23857142857142857,32.28961286601872,1
2020-02-01,1.75,2.3413166797595197,1.689097203314005,1.3585350290757248,3.5,-0.10000000000000009,19.628947368421052,0.1731578947368421,26.76649892503069,0
2020-03-01,0.25,1.4940399642909163,1.1662090444265472,1.3585350290757248,4.4,0.8000000000000003,57.73681818181819,0.42181818181818187,1.8722293561838965,1
2020-04-01,0.25,0.3130472940411133,0.4624613003096023,-7.39861495878491,14.8,11.200000000000001,41.453809523809525,0.43285714285714283,3.741080621103876,1
2020-05-01,0.25,0.1982013035848551,0.49016290423937736,-7.39861495878491,13.2,9.7,30.897000000000002,0.5035000000000001,16.667065215985954,1
2020-06-01,0.25,0.7166562831830481,0.7595377063120967,-7.39861495878491,11.0,6.6,31.119545454545456,0.5436363636363637,25.743039481773522,1
2020-07-01,0.25,0.9968647625897997,0.9225840072571545,-1.3646720997737227,10.2,-4.600000000000001,26.840454545454545,0.4754545454545455,27.959740569590075,1
2020-08-01,0.25,1.2810698495523853,1.157519050834388,-1.3646720997737227,8.4,-4.799999999999999,22.88952380952381,0.5104761904761905,41.73157854448644,1
2020-09-01,0.25,1.3910228912373812,1.27635371578958,-1.3646720997737227,7.8,-3.2,27.64761904761905,0.5447619047619048,37.10623739408811,1
2020-10-01,0.25,1.2303863428671624,1.1874861668446979,-0.9222152417236895,6.9,-3.299999999999999,29.438636363636363,0.6376190476190476,41.53861906836911,1
2020-11-01,0.25,1.1757452138405844,1.186264708144269,-0.9222152417236895,6.7,-1.7000000000000002,24.9955,0.7042105263157895,38.47265258226298,1
2020-12-01,0.25,1.3204191315779434,1.334522131784066,-0.9222152417236895,6.7,-1.0999999999999996,22.37409090909091,0.7977272727272727,43.748014835501394,1
2021-01-01,0.25,1.3738437137002402,1.5857976839888988,1.8007541764505586,6.4,-0.5,24.91,0.9500000000000001,42.814820060565765,1
2021-02-01,0.25,1.6698167791706853,1.8427318715156016,1.8007541764505586,6.2,-0.5,23.140526315789476,1.1426315789473684,45.85014382973267,1
2021-03-01,0.25,2.6678187820641908,2.669006722866385,1.8007541764505586,6.1,-0.6000000000000005,21.84304347826087,1.463913043478261,69.43466833456733,1
2021-04-01,0.25,4.133077115360573,3.6402858298503427,12.385669309432568,6.1,-0.3000000000000007,17.416190476190476,1.471818181818182,67.62850467625148,1
2021-05-01,0.25,4.918257089467626,4.07246348925363,12.385669309432568,5.8,-0.40000000000000036,19.7605,1.466,48.481666146934764,1
2021-06-01,0.25,5.295632620349999,4.306128320705871,12.385669309432568,5.9,-0.1999999999999993,16.956818181818182,1.3163636363636364,43.26435030705471,1
2021-07-01,0.25,5.245169381309234,4.473216164011551,5.1508109950936465,5.4,-0.6999999999999993,17.603333333333335,1.099047619047619,39.42156423739513,1
2021-08-01,0.25,5.152015301793966,4.580909697720981,5.1508109950936465,5.1,-0.7000000000000002,17.472727272727273,1.0659090909090911,32.5020767061007,1
2021-09-01,0.25,5.351215590949132,4.737428253233955,5.1508109950936465,4.7,-1.2000000000000002,19.824761904761903,1.1338095238095238,35.48462608252771,1
2021-10-01,0.25,6.235042390298062,5.336135652537788,5.756179192135091,4.5,-0.9000000000000004,17.871428571428574,1.19,30.114836023974423,1
2021-11-01,0.25,6.901970403700863,5.93019057933839,5.756179192135091,4.1,-1.0,18.50047619047619,1.0515,34.087176850484944,1
2021-12-01,0.25,7.174340285065539,6.141969176624196,5.756179192135091,3.9,-0.8000000000000003,21.354545454545455,0.785,22.62754092729635,1
2022-01-01,0.25,7.558805726967832,6.272433512016362,4.034582077886428,4.0,-0.5,23.181,0.7835,10.198012528741774,1
2022-02-01,0.25,7.937278766517819,6.545539906103293,4.034582077886428,3.9,-0.19999999999999973,25.748421052631578,0.49894736842105264,1.1743388747794237,2
2022-03-01,0.5,8.572204966013853,6.926410970164576,4.034582077886428,3.7,-0.19999999999999973,26.968695652173913,0.21826086956521737,3.4509700885484884,1
2022-04-01,0.5,8.231750770777225,6.684755338326309,2.4537929303342976,3.7,-0.2999999999999998,24.3735,0.20950000000000002,-3.6421520801673934,2
2022-05-01,1.0,8.538171195642065,6.794545874740021,2.4537929303342976,3.6,-0.2999999999999998,29.313636363636363,0.2814285714285714,-12.503482568161207,2
2022-06-01,1.75,8.979361103105798,7.243471864656126,2.4537929303342976,3.6,-0.10000000000000009,28.23318181818182,0.14523809523809525,-18.998495556226104,2
2022-07-01,2.5,8.462576727730099,6.7502013619389345,2.3489732641040373,3.5,-0.20000000000000018,24.995238095238093,-0.13999999999999999,-20.60541255979228,1
2022-08-01,2.5,8.222579178218826,6.6396775899483895,2.3489732641040373,3.6,0.0,22.169565217391302,-0.3521739130434782,-15.388917742770513,2
2022-09-01,3.25,8.192106896425821,6.667939000672507,2.3489732641040373,3.5,-0.10000000000000009,27.34181818181818,-0.3376190476190476,-24.100105006648132,1
2022-10-01,3.25,7.758813957693,6.461602354598139,1.3170742821654535,3.6,0.10000000000000009,30.005714285714287,-0.3915,-27.40449426910888,2
2022-11-01,4.0,7.122856456533988,6.030493273542614,1.3170742821654535,3.6,0.0,23.29909090909091,-0.6125,-30.61217398541265,2
2022-12-01,4.5,6.404600402357152,5.520050627946982,1.3170742821654535,3.5,0.0,21.784285714285716,-0.6723809523809524,-29.95545270004458,1
2023-01-01,4.5,6.327178517960097,5.507734586232882,2.3111462286238282,3.5,-0.10000000000000009,20.16904761904762,-0.6759999999999999,-24.20545815425963,2
2023-02-01,4.75,5.957820738137087,5.197803844154003,2.3111462286238282,3.6,0.0,20.1205,-0.7868421052631579,-15.207536592518267,2
2023-03-01,5.0,4.917719362889961,4.428273156924578,2.3111462286238282,3.5,0.0,21.644347826086957,-0.6395652173913043,-14.579259485971974,1
2023-04-01,5.0,4.950079879124369,4.476012960317743,2.792610476283919,3.4,-0.10000000000000009,17.817894736842106,-0.5559999999999999,-9.860252284206904,2
2023-05-01,5.25,4.131851231385042,4.003462454014284,2.792610476283919,3.6,0.0,17.63608695652174,-0.5581818181818181,5.21399013810504,1
2023-06-01,5.25,3.070617072997095,3.284521339529123,2.792610476283919,3.6,0.10000000000000009,14.003181818181817,-0.8914285714285713,17.907636991742628,2
2023-07-01,5.5,3.287749268428297,3.40904219289897,3.2331922827038895,3.5,0.10000000000000009,13.932380952380951,-0.9289999999999999,20.739360961413954,1
2023-08-01,5.5,3.722504803505289,3.43205991996991,3.2331922827038895,3.7,0.10000000000000009,15.85391304347826,-0.7339130434782608,9.301605905643594,1
2023-09-01,5.5,3.687206638119256,3.4488928270185903,3.2331922827038895,3.7,0.10000000000000009,15.173333333333332,-0.643,19.144262180069017,1
2023-10-01,5.5,3.2512659098611785,3.0232617305099296,3.390893713155063,3.9,0.3999999999999999,18.887727272727272,-0.26952380952380955,22.200015832345276,1
2023-11-01,5.5,3.1333462745911866,2.7650899986466193,3.390893713155063,3.7,0.0,14.01909090909091,-0.3795238095238095,26.787127071631424,1
2023-12-01,5.5,3.3159099427102934,2.7672658467360334,3.390893713155063,3.8,0.09999999999999964,12.7185,-0.437,35.53370983105049,1
2024-01-01,5.5,3.0883429864855705,2.6987514493606035,2.8632943527041155,3.7,-0.19999999999999973,13.388636363636364,-0.2647619047619048,36.92936643255018,1
2024-02-01,5.5,3.157074141648697,2.705057426970159,2.8632943527041155,3.9,0.19999999999999973,13.980476190476189,-0.3365,34.14370344719264,1
2024-03-01,5.5,3.4868349120836584,2.9279392327126175,2.8632943527041155,3.9,0.10000000000000009,13.7875,-0.3795,39.35006492732087,1
2024-04-01,5.5,3.3607951262196734,2.826154012888593,3.1266315239534936,3.9,0.19999999999999973,16.137727272727275,-0.33409090909090905,32.11504720504688,1
2024-05-01,5.5,3.244278584003113,2.6616729088639213,3.1266315239534936,3.9,0.0,13.058695652173913,-0.3740909090909091,32.858850368925374,1
2024-06-01,5.5,2.9702579486470926,2.548373440470164,3.1266315239534936,4.1,0.19999999999999973,12.667,-0.431578947368421,29.94786510878933,1
2024-07-01,5.5,2.9414757935583014,2.594376777467322,2.7913896372876,4.2,0.30000000000000027,14.373913043478263,-0.24727272727272728,28.006658754588763,1
2024-08-01,5.5,2.607144490692037,2.412994957427461,2.7913896372876,4.2,0.30000000000000027,19.312272727272727,-0.09454545454545454,25.683416485030254,0
2024-09-01,5.0,2.4264830315416708,2.260766436883843,2.7913896372876,4.1,0.0,17.663333333333334,0.101,29.54096365690708,1
2024-10-01,5.0,2.578844053871343,2.4776925356425616,2.3997884845648576,4.1,-0.10000000000000053,19.960869565217394,0.12318181818181818,38.76446790438539,0
2024-11-01,4.75,2.719472461284833,2.5878034125423,2.3997884845648576,4.2,0.0,16.015238095238097,0.09842105263157895,36.2839164577204,0
2024-12-01,4.5,2.870690967509981,2.7280946901200087,2.3997884845648576,4.1,0.0,15.866190476190477,0.1657142857142857,34.33561289960665,1
2025-01-01,4.5,2.9909783078999608,2.6073795303935166,2.0192730138857806,4.0,-0.09999999999999964,16.763636363636365,0.35714285714285715,29.729729627325252,1
2025-02-01,4.5,2.8015834477613355,2.7104846734857135,2.0192730138857806,4.2,0.0,16.968,0.24105263157894738,23.64704550073471,1
2025-03-01,4.5,2.381981462805549,2.3594336708984365,2.0192730138857806,4.2,0.10000000000000053,21.841428571428573,0.31047619047619046,9.93895733138428,1
2025-04-01,4.5,2.32538823025783,2.2774259978433964,2.0804665087611918,4.2,0.20000000000000018,31.966190476190473,0.5014285714285714,4.561482713620402,1
2025-05-01,4.5,2.3772651073680873,2.4580860654408676,2.0804665087611918,4.3,0.09999999999999964,20.46227272727273,0.5038095238095238,12.735912040005726,1
2025-06-01,4.5,2.680453865910226,2.5935129797068024,2.0804665087611918,4.1,-0.10000000000000053,18.403333333333336,0.49450000000000005,12.44525842668509,1
2025-07-01,4.5,2.742618052167134,2.605547294239341,2.335167772142843,4.3,0.09999999999999964,16.381304347826084,0.5095454545454546,15.707614822552252,1
2025-08-01,4.5,2.9385917430316155,2.7476208541517,2.335167772142843,4.3,0.0,15.75,0.5609523809523809,23.831677147047436,0
2025-09-01,4.25,3.0225715847133294,2.7874424148706556,2.335167772142843,4.4,0.3000000000000007,15.789090909090909,0.5519047619047619,26.07703913886059,0
2025-11-01,4.0,2.6964439164939513,2.8201898312699925,1.9892996607980828,4.5,0.20000000000000018,19.7695,0.543888888888889,21.42364293553718,0
2025-12-01,3.75,2.653304114557753,2.878083518031027,1.9892996607980828,4.4,0.0,15.548181818181819,0.6422727272727273,18.458798980119752,1
2026-02-01,3.75,2.4340041103732224,2.873230041057484,2.684743341425966,4.4,-0.09999999999999964,19.207,0.6542105263157895,17.115639235221145,1
2026-03-01,3.75,3.2859577528651984,3.5429288317545327,2.684743341425966,4.3,-0.10000000000000053,25.596818181818183,0.5313636363636364,24.13061292023535,1
2026-04-01,3.75,3.7792458367415627,3.795481569560044,1.7224492591301432,4.3,0.0,19.811904761904763,0.52,41.96187183554265,1
2026-05-01,3.75,4.166614684049641,4.072638075644863,1.7224492591301432,4.3,-0.10000000000000053,17.237142857142857,0.489,40.3028540493259,1
